OBJECTID,COUNTYNBR,NAME,COUNTYSEAT,SHORTDESC,UPDATED,FIPS,ENTITYNBR,SALESTAXID,IMSCOLOR,MINNAME,POPLASTCENSUS,POPLASTESTIMATE,UGRCODE,GNIS,GlobalID,Shape__Area,Shape__Length
1,03,Newton,0,NEWTON,10/20/2020 12:00:00 AM,54550,3100,047,2, ,789,815,NWT,1430705,773ccaed-22b4-4237-ba15-17315a94a7d5,4009108.734375,8948.89482748796
2,12,Eureka,0,EUREKA,,24080,3010,009,2, ,662,657,EUR,1437974,3ef04b24-1a05-4355-a900-d8c59ff118ae,6387833.85546875,12832.3661266012
3,29,Huntsville,0,HUNTSVILLE,5/2/2024 12:00:00 AM,37060,3030,019,4,Huntsville,573,593,HVL,1428949,f0274f4c-4dba-4475-97bb-329012e9c691,14333320.9147587,24584.9983747535
4,27,Springdale,0,SPRINGDALE,,71840,3100,023,2,Springdale,514,576,SPD,1432867,9d93a698-af3a-48d3-9a9e-d49b1a39b74c,18782625.8632813,23966.3865678998
5,23,Grantsville,0,GRANTSVILLE,2/8/2022 12:00:00 AM,31120,3010,023,2, ,12617,14417,GRA,1428338,d6bb102d-36fa-415b-947f-959c60413b85,183522345.857512,112936.761972719
6,18,Bluffdale,0,BLUFFDALE (SL CO),11/15/2018 12:00:00 AM,06810,3020,019,4,,17014,19080,BDL,1425844,74e39ca4-b9fb-46d7-832a-2d58694c059b,46710621.6709557,38425.7179106009
7,19,Blanding,0,BLANDING,5/24/2024 12:00:00 AM,06370,3010,002,1,Blanding,3394,3229,BLA,1438903,13b8b47e-f58b-489b-961e-3547d8de4ed7,54719927.7265625,69639.6525896717
8,18,Herriman,0,HERRIMAN TOWN,2/7/2022 12:00:00 AM,34970,3035,060,1, ,55144,59179,HER,1428675,eb720681-9273-4d0e-9fe0-fcb4ac03ae4e,103638384.745285,77262.5743921389
9,12,Levan,0,LEVAN,3/19/2012 12:00:00 AM,44650,3020,019,3, ,862,892,LEV,1442564,b4f67322-d3fc-4869-87e3-940443ed45c2,3482854.30859375,8700.35652503489
10,09,Panguitch,1,PANGUITCH,10/13/2023 12:00:00 AM,57740,3070,011,4,Panguitch,1725,1785,PAN,1444170,3c949898-ffcc-423f-a1a5-10b0156b5ade,13458716.4847684,28457.6553708572
11,11,Cedar City,0,CEDAR CITY,5/20/2026 12:00:00 AM,11320,3020,003,1,Cedar City,35235,38692,CDC,1426441,c92ef107-e6cc-4466-93d1-05dfc9b1d150,151314001.101563,149138.531283368
12,23,Vernon,0,VERNON,6/25/2013 12:00:00 AM,80200,3060,050,1, ,256,286,VNN,1446932,57c7df5e-8577-4508-b302-d96c6c4777b8,35736573.640625,31726.4693671123
13,03,Clarkston,0,CLARKSTON,8/12/2010 12:00:00 AM,13190,3020,014,3, ,749,763,CLK,1426671,25a579d9-972e-4029-9c0a-c1cc8ae2f8a4,4329011.02734375,10943.6643664156
14,18,Taylorsville,0,TAYLORSVILLE CITY,9/15/2014 12:00:00 AM,75360,3105,142,4,Taylorsville,60448,57879,TAY,1433206,cf3fcff7-cd6b-4811-8a99-24778085a3cc,48863547.4101563,38214.2218963485
15,29,North Ogden,0,NORTH OGDEN CITY,4/20/2026 12:00:00 AM,55100,3040,026,3, ,20916,21855,NOG,1443962,b403a66b-4c5e-45e2-84f2-4c1d3773e241,35312528.5965729,53261.3232257918
16,20,Mount Pleasant,0,MOUNT PLEASANT CITY,9/16/2014 12:00:00 AM,53010,3100,024,3, ,3655,3820,MTP,1430522,48899090-167a-4d8d-9d80-75ca7aec4b95,12789364.546875,22777.8676556705
17,21,Central Valley,0,CENTRAL VALLEY,5/24/2024 12:00:00 AM,12260,3015,007,2,,647,671,CVY,1439625,dfc7b7f3-a765-480c-8d50-4cdb0ef73f88,8957344.29296875,28332.032275718
18,25,Cedar Fort,0,CEDAR FORT,2/8/2016 12:00:00 AM,11430,3030,019,4, ,427,420,CDF,1455091,f67e3cf7-4544-4d6a-bc5e-a618caeab4ba,94447867.7929688,49141.9162130109
19,05,Manila,1,MANILA,12/2/2010 12:00:00 AM,47620,3010,006,3,Manila,308,339,MAN,1443126,7570f48b-1bbc-43a0-ad0f-d39be501ba5f,4707733.14453125,10592.6920999492
20,12,Nephi,1,NEPHI CITY,2/23/2026 12:00:00 AM,54220,3040,026,4,Nephi,6443,6840,NEP,1443793,77522226-67ca-43c8-b62a-32bb1bb11584,24379214.5039063,42635.8924964473
21,27,Enterprise,0,ENTERPRISE,6/23/2021 12:00:00 AM,23420,3010,005,3, ,2027,2264,ENT,1440940,fae32c80-f2da-44a8-95d3-a9695839b518,36115522.6640625,42920.9379732378
22,29,West Haven,0,WEST HAVEN,6/7/2021 12:00:00 AM,82930,3130,051,3, ,16739,22395,WHV,1455859,da5c6698-b961-44c4-8582-d89b2a8a526f,49383587.8710938,56512.0264976529
23,29,Farr West,0,FARR WEST CITY,9/14/2023 12:00:00 AM,24850,3010,012,3, ,7691,8027,FRR,1441012,3b7654ea-995f-4605-b3c1-003342578f36,27110498.953125,28412.0809231267
24,25,Genola,0,GENOLA,,28810,3060,038,2, ,1548,1585,GEN,1441295,37336733-0a92-4b4c-837f-49896142486a,62739124.8359375,53197.4315125064
25,25,Vineyard,0,VINEYARD,9/28/2018 12:00:00 AM,80420,3195,117,2, ,12543,14535,VIN,1449150,ccdf109e-864b-4e9d-ad48-cf8b27b4205e,28431374.546875,31272.8020151606
26,27,St. George,1,ST GEORGE CITY,9/15/2023 12:00:00 AM,65330,3080,020,2,St. George,95342,102519,STG,1455098,97690fc2-fbb6-4ccb-b52b-77a9e29127ce,315695397.745163,125589.495410163
27,18,Midvale,0,MIDVALE,9/15/2014 12:00:00 AM,49710,3040,093,1, ,36028,35637,MID,1430307,16cca60b-3b34-41d2-a781-f08c9f5a5214,26352703.9296875,30626.2074278527
28,02,Tremonton,0,TREMONTON,2/8/2022 12:00:00 AM,77120,3150,113,3,Tremonton,9894,11840,TRM,1433664,ce0f3bb5-4274-4291-9f34-1355e8055ffa,40333590.8085938,66923.9914821073
29,09,Cannonville,0,CANNONVILLE,2/16/2026 12:00:00 AM,10330,3030,004,1, ,186,193,CAN,1426344,8366ce3e-ce53-4e2d-b688-f8133b84c0fa,15165288.6054688,44912.002106053
30,11,Brian Head,0,BRIAN HEAD CITY,12/15/2010 12:00:00 AM,08020,3010,028,3, ,151,155,BHD,1448176,e562b5de-50cb-46be-a707-73ea8c759748,26913775.234375,27107.3899763255
31,25,Springville,0,SPRINGVILLE,7/7/2025 12:00:00 AM,72280,3190,106,2, ,35268,35832,SPV,1446057,e596df0e-08fb-4ca9-8103-dea20d74a5ef,64485743.571701,57960.6123336404
32,17,Garden City,0,GARDEN CITY,5/15/2015 12:00:00 AM,27930,3010,001,2,Garden City,602,629,GCY,1428133,2ae2d21d-b4a4-47e5-8e45-9f2c2c5fc622,40980400.3515625,59775.4013914199
33,18,Murray,0,MURRAY,9/15/2014 12:00:00 AM,53230,3050,096,2,Murray,50637,49463,MUR,1443742,0767ddfa-ddd6-44da-a8e9-ea3434150800,55690325.055069,42480.8201295236
34,14,Fillmore,1,FILLMORE,8/8/2025 12:00:00 AM,25510,3020,014,2,Fillmore,2592,2643,FIL,1441039,5679ba20-ca86-4cf3-aa01-61b9a8e042ee,32135222.9335938,46005.4578287609
35,06,Centerville,0,CENTERVILLE,,11980,3020,006,1, ,16884,16502,CEN,1439622,3f2ef1fa-41a7-4b23-9e91-b4ed5e480f89,27258386.7890625,31951.9410809049
36,23,Wendover,0,WENDOVER,8/25/2016 12:00:00 AM,82730,3070,052,4,Wendover,1115,1135,WEN,1434042,1104cfa5-5117-4045-8637-ac9190065c1c,40301885.8164063,31267.1685736606
37,22,Park City,0,PARK CITY (SUMMIT CO),9/26/2025 12:00:00 AM,58070,3060,013,1,Park City,8396,8374,PKC,1444206,c4fd6655-f3b1-40c0-ad09-d4c308f96d0b,98406494.5657196,65647.7164447759
38,12,Rocky Ridge,0,ROCKY RIDGE TOWN,3/19/2012 12:00:00 AM,64590,3080,030,4, ,848,951,RKR,1865575,101051b5-124f-41c8-b3fe-52fc5516c900,7470797.375,16681.3440683813
39,05,Dutch John,0,DUTCH JOHN CITY,8/10/2015 12:00:00 AM,20780,3005,,1,Dutch John,141,149,DUT,1440738,8351e21b-0431-4e69-85a4-0330f715f41f,28557589.8867188,23388.3539954071
40,02,Howell,0,HOWELL CITY,5/25/2012 12:00:00 AM,36620,3090,057,2, ,240,235,HOW,1437591,f10cb2cd-1126-4326-ad1f-671f1b7bea9f,165193811.460938,52336.6722214962
41,20,Wales,0,WALES,9/27/2010 12:00:00 AM,80860,3130,033,4, ,338,357,WAE,1446954,756424c6-60cc-401d-b744-6b28ea2c7c23,1726848.36328125,5543.08889920481
42,28,Loa,1,LOA,4/8/2024 12:00:00 AM,45530,3020,007,4,Loa,516,527,LOA,1442822,c52ce69e-3d7e-489f-bf00-e5f91b9b1c82,4011636.51953125,9975.58147575704
43,27,Ivins,0,IVINS TOWN,1/17/2020 12:00:00 AM,38710,3040,010,4, ,8978,10012,IVI,1429067,6d46c362-60e9-4c62-af43-13d4e438fb8c,38739901.7808435,43042.4594018328
44,02,Deweyville,0,DEWEYVILLE,2/23/2024 12:00:00 AM,19680,3040,032,4, ,417,430,DEW,1455092,8401bb56-e5c0-426c-84b0-4673bc9b70a4,29612211.0625,37671.6420263499
45,20,Gunnison,0,GUNNISON,9/27/2010 12:00:00 AM,32660,3060,014,2, ,3509,3550,GUN,1428432,249aaba2-7bf7-48b2-9889-8b3f868fb751,20663409.1601563,21394.5804239917
46,08,Ferron,0,FERRON,2/10/2022 12:00:00 AM,25180,3060,009,2, ,1474,1514,FER,1441026,371c0129-fa02-49ef-bde4-5517e45fc009,10117824.1633072,35710.4927897349
47,25,Lehi,0,LEHI,12/29/2025 12:00:00 AM,44320,3090,066,3,Lehi,75907,84373,LEH,1442553,7a019046-2ec3-42e7-ae6b-78424112fb01,137742779.354469,132704.858931768
48,03,Cornish,0,CORNISH,12/15/2011 12:00:00 AM,15940,3030,017,1, ,274,276,CSH,1437533,9387366b-dcb6-4569-9533-e74f413d943b,25300324.84375,31836.3017634689
49,20,Fairview,0,FAIRVIEW,12/27/2010 12:00:00 AM,24630,3030,009,2, ,1203,1262,FVW,1440983,f1ea8b6f-0b00-4e2c-9aa8-3d8c6e7ce1d8,5505277.44916248,10862.8996334576
50,25,Elk Ridge,0,ELK RIDGE,5/1/2020 12:00:00 AM,22370,3050,124,2, ,4687,4907,ELK,1455857,9eca5864-2753-4857-8c86-f170f24b3d4a,12932997.251091,28146.6775118406
51,08,Clawson,0,CLAWSON,1/3/2014 12:00:00 AM,13300,3020,003,3, ,162,170,CLW,1426675,9c2974e2-175c-4078-91e7-6c8adcc09edb,4312614.30859375,16508.7144462987
52,29,Plain City,0,PLAIN CITY,3/21/2022 12:00:00 AM,60710,3060,030,2,Plain City,7833,,PLN,1444471,632b0664-3b51-4d3a-8702-fda21cfd9d2f,56227868.453125,62063.8663831291
53,18,Holladay,0,CITY OF HOLLADAY,10/15/2014 12:00:00 AM,36070,3036,065,1,Holladay,31965,30816,HOL,1441810,e93c2c67-c970-42af-830e-e6393da6616d,38250596.390625,32839.586825757
54,27,Washington,0,WASHINGTON CITY,5/8/2026 12:00:00 AM,81960,3130,027,1, ,27993,32709,WAS,1447019,e803d380-bc79-4e2b-ac14-9d2d7d54f381,175917788.449844,107244.061386855
55,20,Fayette,0,FAYETTE,9/27/2010 12:00:00 AM,25070,3040,010,2, ,245,260,FAY,1427897,e54ec52f-8d7a-477c-bc01-e21168ff325e,1705069.76953125,6114.78690533239
56,17,Woodruff,0,WOODRUFF,11/17/2017 12:00:00 AM,85260,3040,010,4,Woodruff,169,177,WDR,1434462,cab5e1f3-6286-46fc-84b8-f60b74240e70,3313525.01171875,10342.8313972886
57,06,Fruit Heights,0,FRUIT HEIGHTS,10/17/2023 12:00:00 AM,27490,3060,010,2, ,6101,5971,FRU,1441248,94f487f1-3fbb-4939-b854-a7848ace1747,10522455.5351563,19142.3153424438
58,02,Portage,0,PORTAGE,5/25/2012 12:00:00 AM,61590,3130,092,1, ,273,288,POR,1681817,242675a3-cbd8-4499-8229-2077172ed17f,12000870.8085938,24986.0131914007
59,04,Wellington,0,WELLINGTON,5/14/2026 12:00:00 AM,82510,3060,053,3, ,1605,1625,WEL,1434038,565e059b-81e5-4a29-9988-7beab83cfeb1,22491898.6484375,60161.1981939437
60,13,Orderville,0,ORDERVILLE,3/22/2012 12:00:00 AM,57080,3050,007,2, ,598,592,ORD,1431023,99668dec-702c-4c4d-a410-a04ba70a85d3,38538921.1640625,45676.291739088
61,25,Saratoga Springs,0,SARATOGA SPRINGS,3/6/2026 12:00:00 AM,67825,3075,098,1, ,37696,49354,SAR,1437677,24b910c6-fb49-48b3-863c-126316a9a9b5,114146941.964844,96291.6373744274
62,25,Salem,0,SALEM,3/18/2024 12:00:00 AM,65770,3160,096,4, ,9298,10393,SLM,1445262,c8b6ee07-8b3a-4849-b684-09d01462eff4,53585182.0240379,70912.5385424544
63,13,Big Water,0,BIG WATER,,05534,3020,010,1,Big Water,449,487,BGW,1455970,e6da43a8-6605-4c44-b3be-2cb901798034,24423887.4570313,24211.1536604628
64,23,Rush Valley,0,RUSH VALLEY TOWN,6/25/2013 12:00:00 AM,65240,3030,056,4, ,431,477,RUS,1699809,a1946749-436e-445c-ad4c-764fe924b222,80814195.4140625,46681.189972687
65,27,Hurricane,0,HURRICANE CITY,10/9/2020 12:00:00 AM,37170,3030,008,4,Hurricane,20036,23077,HUR,1428951,45e82fa5-dbef-4306-bb12-88d71452d815,218242045.254487,108321.057433689
66,06,South Weber,0,SOUTH WEBER,1/30/2012 12:00:00 AM,71180,3100,045,2, ,7867,8124,SWE,1445935,35f9a54d-671a-4258-a299-b5f63cf0a92e,21582267.5652466,32739.4425230655
67,02,Bear River City,0,BEAR RIVER CITY,5/25/2012 12:00:00 AM,03950,3010,004,3, ,877,878,BRC,1438487,083f46f2-e85e-432d-a508-ca3efcfe9493,8331231.05859375,16873.4358716322
68,27,Rockville,0,ROCKVILLE,,64560,3075,019,4, ,226,224,RKV,1431946,cb0aaf02-7878-4b4a-9396-a38c78f0dc1f,34569310.1445313,43706.3370125984
69,24,Ballard,0,BALLARD,11/30/2012 12:00:00 AM,03345,3010,028,1, ,1131,1191,BAL,1455969,3be98d46-1cf9-4a1a-93b3-0161f9aff55a,62175667.7421875,34618.0164524656
70,27,Santa Clara,0,SANTA CLARA CITY,12/8/2025 12:00:00 AM,67660,3090,021,3, ,7553,8123,SCL,1432234,f0a8bbb9-773a-4487-bf12-745ac77fa622,25096671.5625,26367.5004246139
71,03,Smithfield,0,SMITHFIELD,8/19/2022 12:00:00 AM,69640,3170,062,3, ,13571,14425,SMI,1445709,f60f4fa0-cac5-4bf2-bc4c-be58832d6e30,28146506.3116283,31507.1205283592
72,12,Santaquin,0,SANTAQUIN CITY (JUAB CO),3/19/2012 12:00:00 AM,67770,3090,097,1, ,13725,16898,SAQ,1445329,4e2f0db2-0e3c-42e9-bf2e-81bbd8bbc264,882490.40234375,4023.98055271068
73,22,Kamas,0,KAMAS,8/8/2025 12:00:00 AM,39810,3040,022,3,Kamas,2092,2185,KAM,1442266,cda11f54-e71a-493b-816a-3b11d301e57b,19477667.8649082,34625.8189090445
74,03,Wellsville,0,WELLSVILLE,4/29/2026 12:00:00 AM,82620,3190,076,4, ,4060,4137,WLV,1447103,b3a2816d-30d1-45e8-8641-ec122d989a60,34173111.5350037,65725.9574827958
75,08,Emery,0,EMERY,3/26/2012 12:00:00 AM,22870,3050,008,1, ,307,315,EMY,1440926,a16fafe8-c33d-4f64-a383-a3f08b33d603,5260972.19921875,16561.3171419
76,03,Mendon,0,MENDON,7/30/2025 12:00:00 AM,49160,3080,041,3, ,1339,1335,MEN,1450429,a058520d-b2e8-4698-84bf-01d487031000,7441016.76171875,25367.2193324554
77,14,Delta,0,DELTA CITY,12/1/2023 12:00:00 AM,18910,3010,010,1,Delta,3622,3724,DEL,1427334,764922d4-7d8b-40c7-94ae-110d4bf8bd3e,37927798.359375,57707.6103958162
78,21,Aurora,0,AURORA,3/14/2023 12:00:00 AM,02740,3020,002,1, ,984,1030,AUR,1438307,58f99680-d4a6-417f-96af-aba6261d8b19,4004220.234375,12425.6842538385
79,06,West Point,0,WEST POINT,9/17/2025 12:00:00 AM,83390,3140,056,1, ,10963,11892,WPT,1434108,2ec5fd60-d512-4dee-bc05-e5e871b98db5,34964249.4326086,38715.5994501395
80,14,Kanosh,0,KANOSH,1/12/2024 12:00:00 AM,40250,3050,026,3, ,508,511,KNS,1442277,4090f773-1106-41f7-83ab-408358838318,3248543.453125,8982.24975678794
81,02,Elwood,0,ELWOOD,2/14/2023 12:00:00 AM,22760,3050,035,2, ,1173,1249,ELW,1427809,df6495f5-0651-4b9c-af95-a43b2561cb4e,40201506.4437485,58763.1310559882
82,28,Torrey,0,TORREY,8/4/2021 12:00:00 AM,77010,3040,010,2,Torrey,231,257,TOR,1446658,1caa1760-2311-4f4e-9fc6-2037c4a0da5e,7242658.1484375,16657.9499849653
83,02,Plymouth,0,PLYMOUTH,9/11/2015 12:00:00 AM,61260,3120,090,4, ,427,433,PLY,1444488,57131ef1-5329-46b4-a7bb-d1b13c694f7d,4076921.8046875,21371.6255682317
84,27,Toquerville,0,TOQUERVILLE CITY,6/29/2017 12:00:00 AM,76900,3110,024,2,Toquerville City,1870,1960,TOQ,1446655,ebc6b892-766f-40ea-aa3d-fe290c084da0,90891976.6679688,69344.5341503793
85,01,Minersville,0,MINERSVILLE,4/2/2012 12:00:00 AM,50590,3030,009,3,Minersville,807,855,MNR,1430376,a1f93582-8ce3-4759-8080-1ddd5e566f1f,9163569.67192078,29659.0690872492
86,08,Huntington,0,HUNTINGTON,8/5/2013 12:00:00 AM,36950,3070,012,2,Huntington,1914,1970,HTN,1428946,353c03ba-6e57-4386-beba-af785764f25a,9790486.78515625,18679.8715531028
87,21,Joseph,0,JOSEPH,8/31/2010 12:00:00 AM,39370,3050,025,2, ,288,301,JOS,1442224,a70a033d-c5de-4c72-9f1b-d1d68a845e1a,3696463.546875,8330.32454930019
88,25,Orem,0,OREM,11/4/2020 12:00:00 AM,57300,3120,083,1,Orem,98129,95910,ORE,1444110,960f5bac-f504-41a0-98df-1a75eb8c70a2,83085887.4275084,64326.8543760872
89,03,Paradise,0,PARADISE,2/10/2022 12:00:00 AM,57850,3130,053,2, ,971,1014,PRD,1444178,5dc2f531-c88f-4426-9972-79b0cf8d230a,6712506.359375,14167.5412500562
90,23,Stockton,0,STOCKTON,6/25/2013 12:00:00 AM,73050,3040,046,2, ,621,623,STK,1432990,66bce5a9-7ec7-48ae-93d3-a57c4a6f9914,7577490.35546875,14222.9309654705
91,09,Bryce Canyon City,0,BRYCE CANYON CITY,12/15/2010 12:00:00 AM,08787,3015,003,3,Bryce Cyn,336,332,BRY,1439206,6eb92f20-ad3f-4594-841e-2059613c4a33,13874725.65625,24229.6092822127
92,07,Myton,0,MYTON,8/23/2010 12:00:00 AM,53340,3030,017,4,Myton,561,560,MYT,1430626,95311b0a-44ea-4bb9-be42-10b41f41a6f8,4508986.046875,9323.75826877951
93,25,American Fork,0,AMERICAN FORK,11/14/2023 12:00:00 AM,01310,3020,002,1,American Fork,33337,37268,AFK,1438194,4e6c6d18-9f5e-4fd7-8e42-8e17f8a2f6a4,51170399.7185931,88442.9007400806
94,25,Mapleton,0,MAPLETON,5/7/2018 12:00:00 AM,47950,3110,073,3, ,11365,12999,MAP,1443189,d22bd152-8085-40d4-a5aa-c02669a0fbaa,59136289.0832329,39736.6317209361
95,11,Paragonah,0,PARAGONAH,10/6/2022 12:00:00 AM,57960,3050,018,4, ,536,568,PGH,1431094,32ce33ad-3355-4275-b912-c3d2b477b4ac,2696555.62890625,14415.2946872128
96,09,Henrieville,0,HENRIEVILLE,12/15/2010 12:00:00 AM,34750,3060,008,2, ,221,231,HRV,1428663,4cfa4182-cdf5-49ca-8483-80526152f7d6,5516872.59765625,11190.9714867211
97,08,Elmo,0,ELMO,3/6/2026 12:00:00 AM,22540,3040,007,2, ,405,415,ELM,1427806,f8b25663-8c28-45c9-903c-d87ca77eb5b2,3174904.01171875,10413.2703648861
98,29,Ogden,2,OGDEN CITY,3/19/2021 12:00:00 AM,55980,3050,027,1,Ogden,87321,86825,OGD,1444049,c97d990b-a4be-41a0-9adb-ba9daa84dc5e,125988778.162344,82449.1095337509
99,02,Perry,0,PERRY CITY,5/25/2012 12:00:00 AM,59390,3110,086,3, ,5555,5828,PER,1455150,662a305b-aba1-44db-927f-7239add2c5a2,37342575.3554688,33509.4128634196
100,29,South Ogden,0,SOUTH OGDEN,2/15/2023 12:00:00 AM,70960,3100,040,1, ,17488,17716,SOG,1445910,2a1dedc6-7661-4488-a9f7-1d510ce3796d,17907824.1853104,29010.9172662593
101,03,Millville,0,MILLVILLE,11/25/2025 12:00:00 AM,50370,3090,044,2, ,2326,2435,MIL,1443496,0446ce1f-397f-43cf-8f63-30510b5c0681,11917700.4609375,29297.8306359953
102,18,Riverton,0,RIVERTON,10/25/2019 12:00:00 AM,64340,3060,118,2, ,45285,44599,RVT,1431862,7fba6d35-18b3-4087-980e-38c778658171,56551782.406868,45927.7487251571
103,18,Cottonwood Heights,0,COTTONWOOD HEIGHTS,12/10/2025 12:00:00 AM,16270,3025,020,2,,33617,32420,COT,1440025,917d94d4-489f-4edf-a896-73bc548a1efa,42564117.0338516,40480.1935349255
104,14,Hinckley,0,HINCKLEY,2/1/2023 12:00:00 AM,35740,3030,023,2, ,614,630,HIN,1428726,1efa0791-de04-47b1-a7db-816b69b80843,21743353.9140625,22588.870162661
105,07,Tabiona,0,TABIONA,10/9/2020 12:00:00 AM,74920,3050,020,4,Tabiona,143,153,TAB,14331156,299fd38b-6eb6-4e30-a68b-093a69408989,621671.0234375,3748.39946762354
106,14,Meadow,0,MEADOW,,48830,3080,034,1, ,320,347,MEA,1430198,a592bb56-1451-4016-a4bc-1e5b4bd03205,2196271.2578125,9945.72650179972
107,18,Brighton,0,BRIGHTON,1/2/2020 12:00:00 AM,08570,3022,18010,2,Brighton,432,441,BRT,1439115,7df41004-ae25-4c28-b742-97611cbb27d6,71423836.3125,45642.2067071012
108,24,Naples,0,NAPLES,1/30/2012 12:00:00 AM,53560,3020,014,2, ,2280,2399,NAP,1430636,3d202c20-e531-4b8c-a2c0-97feb03d8265,29556561.8515625,29803.2788671818
109,29,Hooper,0,HOOPER,6/13/2018 12:00:00 AM,36400,3025,018,2, ,9087,9300,HOO,1428807,8cea51aa-78d0-4fa4-8692-7f2edebdf8da,402401737.792969,115414.297227611
110,03,North Logan,0,NORTH LOGAN,4/28/2026 12:00:00 AM,54990,3120,049,1, ,10986,11616,NLO,1443956,3213ef93-3f0f-4ee2-9564-a9611c8037b0,33225450.6353264,31545.0989299661
111,25,Alpine,0,ALPINE,9/1/2017 12:00:00 AM,00540,3010,001,4, ,10251,10304,ALP,1438174,cc1289e4-fa73-4852-94a0-56136b7254fc,35739103.6956177,34239.9161942397
112,06,Sunset,0,SUNSET,1/30/2012 12:00:00 AM,74480,3110,048,2, ,5475,5372,SUN,1451459,4010d6d3-a363-4ab6-aec2-ca834c4e8c3b,6703787.10546875,11531.1040420346
113,03,Hyde Park,0,HYDE PARK CITY,4/28/2026 12:00:00 AM,37390,3040,032,2, ,5234,5584,HYD,1441964,10f77b27-da76-4b93-9c61-ae55a892d97d,22385542.6509781,32820.8212568627
114,22,Francis,0,FRANCIS,4/7/2026 12:00:00 AM,26940,3020,013,2, ,1564,1722,FRA,1428080,956b226c-3ff2-4c86-80e0-7baca19bda39,18190976.381649,51605.6850790281
115,06,Clearfield,0,CLEARFIELD,12/17/2014 12:00:00 AM,13850,3030,008,4, ,31909,34062,CLR,1439799,a76f134c-6510-4978-b9c1-10e014c1caff,35244679.420784,31879.8864117433
116,21,Monroe,0,MONROE,8/5/2019 12:00:00 AM,51360,3070,031,3, ,2515,2615,MRO,1443556,f7e7cbf4-a5ef-42ae-8cec-23e8722abc45,15174186.8476563,17590.5551589405
117,18,Draper,0,DRAPER CITY (SL CO),2/29/2024 12:00:00 AM,20120,3030,029,1,Draper City,51017,50731,DRA,1427473,06efac45-527f-4630-977c-1120eb4cdf85,98541620.0151854,65161.6036042018
118,27,Leeds,0,LEEDS,3/23/2011 12:00:00 AM,44100,3060,012,1, ,864,871,LEE,1442480,90eca2cb-e00c-47ed-ad9d-b0363917e1d1,25764132.2382813,56051.2324578594
119,13,Alton,0,ALTON,,00870,3010,001,4, ,118,117,ALT,1438182,887d78bf-d066-40c2-a272-d7518e910c36,9554227.359375,21713.4740452014
120,20,Centerfield,0,CENTERFIELD,6/9/2015 12:00:00 AM,11870,3010,004,1, ,1341,1398,CFD,1426506,7e711ea5-0e56-4063-95fd-3251967b014f,8221643.55859375,11547.0704375926
121,14,Lynndyl,0,LYNNDYL,,46740,3070,030,2, ,111,124,LYN,1430025,8a41365f-f942-453f-ae3d-bec87f505fc8,13645401.2695313,21155.8156023804
122,06,West Bountiful,0,WEST BOUNTIFUL,11/30/2020 12:00:00 AM,82840,3130,061,2, ,5917,5888,WBO,1447113,5c4aac79-f283-4a87-ad7b-1949973e47ba,15093115.203125,23156.3735632425
123,08,Cleveland,0,CLEVELAND,1/9/2023 12:00:00 AM,14070,3030,004,1, ,497,510,CLE,1426712,6a7a72a3-657c-4b62-b7b4-49672f3044e2,3879035.21875,12015.0764823482
124,29,Washington Terrace,0,WASHINGTON TERRACE,10/2/2015 12:00:00 AM,82070,3120,049,4, ,9267,9160,WTR,1447026,46282208-26d1-4881-8074-b3ff7ec891e9,9201901.58702087,17904.485476792
125,19,Bluff,0,BLUFF,4/28/2026 12:00:00 AM,06700,3015,19,4,Bluff,240,243,BLF,1425842,9b2276eb-478a-4c74-b9e5-dcbace46382f,117650330.818604,88463.1728586288
126,29,Harrisville,0,HARRISVILLE,8/4/2021 12:00:00 AM,33540,3020,016,4, ,7036,6876,HAR,1441617,550f9868-5d0e-4981-bcb5-1691a7da16e4,13699796.7929688,23944.7626249189
127,09,Boulder,0,BOULDER,12/15/2010 12:00:00 AM,07470,3020,002,1,Boulder,227,241,BLD,1437510,ffa3fe5d-7b8e-4f22-aa5c-e8bb5f753b9c,87335457.3242188,49048.1078566752
128,07,Roosevelt,0,ROOSEVELT,11/15/2022 12:00:00 AM,64670,3040,019,3,Roosevelt,6747,7097,ROS,1431989,d2e4e539-7830-4e0c-aeb1-58d78a01bc74,32195354.4057922,77153.8968987865
129,22,Coalville,1,COALVILLE,7/10/2018 12:00:00 AM,14840,3010,006,1, ,1486,1524,COA,1426770,a569f307-9fa5-47ff-aba0-378fd00668a1,30033749.5898438,39947.2624062856
130,21,Redmond,0,REDMOND,8/31/2010 12:00:00 AM,63240,3080,033,2, ,762,796,RED,1444843,1e074053-ab8b-44d9-aaf9-0bb6f3c08bf3,4114719.54296875,13095.0716500087
131,18,Millcreek,0,MILLCREEK,7/27/2020 12:00:00 AM,50150,3045,,3,Millcreek,63380,63034,MLC,1867579,78bb405d-8cc1-4097-be27-5107f6812dbc,58284953.5171579,71483.2625675517
132,06,Syracuse,0,SYRACUSE,1/22/2024 12:00:00 AM,74810,3120,049,3, ,32141,35561,SYR,1433147,c17a9666-19f1-43b1-941a-09e27b35f931,47501980.6412048,42589.248360109
133,03,Richmond,0,RICHMOND,10/7/2022 12:00:00 AM,63680,3150,059,2, ,2914,2986,RCM,1444892,6bdbc468-7584-442d-83b0-13021da40158,16316990.7578125,23085.1201549474
134,16,Circleville,0,CIRCLEVILLE,9/27/2010 12:00:00 AM,12970,3010,003,1, ,550,544,CIR,1439749,54b667fc-25ba-4c1a-94e1-fa49866d8aab,46410072.6992188,35121.9630061954
135,08,Green River,0,GREEN RIVER,7/22/2016 12:00:00 AM,31670,3062,011,2,Green River,847,876,GRE,1428398,fb248a6b-73a2-4ba2-82b1-ea6dacd1504a,117048647.605469,111962.184517953
136,25,Provo,1,PROVO,2/26/2026 12:00:00 AM,62470,3150,090,4,Provo,115162,113523,PVO,1444661,ede5315b-01db-41fb-8107-4c725285406c,199116586.144451,115168.271498439
137,25,Lindon,0,LINDON,9/28/2018 12:00:00 AM,45090,3100,070,3, ,11397,11704,LIN,1442630,01f151eb-073f-4d2a-819a-ea728fcc628f,38072403.4960938,38584.61821659
138,20,Sterling,0,STERLING,1/26/2018 12:00:00 AM,72940,3120,032,4, ,274,289,STE,1446134,3986d50d-2620-4b1b-b7c6-b0fede6376b6,1392236.86328125,7852.41498752875
139,07,Altamont,0,ALTAMONT,12/12/2025 12:00:00 AM,00760,3010,001,1, ,239,245,AMT,1425096,6042ff8b-4967-4e26-b60a-d29d1d10ed2e,1209076.44921875,5000.66927573328
140,16,Junction,1,JUNCTION,9/27/2010 12:00:00 AM,39590,3020,005,2,Junction,212,211,JCT,1442250,5bb50fa6-abf0-4fb9-95ea-a7efa8fec36f,57201230.4921875,35054.5202222655
141,06,Kaysville,0,KAYSVILLE,1/22/2024 12:00:00 AM,40360,3070,026,4,Kaysville,32945,32761,KAY,1442285,fa8e9461-e924-42f3-9fb2-01ae7537a421,48534373.2773438,54944.8850693874
142,26,Park City,0,PARK CITY (WASATCH CO),9/23/2011 12:00:00 AM,58070,3060,013,1,Park City,8396,8374,PKC,1444206,2456cbf4-9b9a-4b03-a72a-69783f1d3182,1965126.5703125,9471.24593414698
143,06,Clinton,0,CLINTON,,14290,3040,059,3, ,23386,23538,CLI,1426725,be5a991f-47f6-4fa7-b5fa-75afc21c8153,27255882.6601563,27734.8989060999
144,21,Koosharem,0,KOOSHAREM TOWN,6/16/2026 12:00:00 AM,41680,3060,029,3, ,244,251,KOO,1442357,f37579cb-97b7-4899-84a1-29a55a83207b,4318900.38250542,12185.0105633242
145,02,Brigham City,1,BRIGHAM CITY,8/11/2025 12:00:00 AM,08460,3020,017,2,Brigham,19650,19963,BGM,1439109,00aabd51-7530-4360-889a-3b16e6dcd652,121841930.239209,93508.2068514379
146,03,Providence,0,PROVIDENCE,12/7/2022 12:00:00 AM,62360,3140,056,3, ,8218,8995,PVD,1444657,53ac4a2d-cec0-4671-9059-c004a7fce364,18759409.6953125,23995.4234958568
147,18,South Salt Lake,0,SOUTH SALT LAKE CITY,11/14/2018 12:00:00 AM,71070,3100,139,1,South Salt Lake,26777,26003,SSL,1432753,6ec6dd5f-4396-4875-bad7-6039ff772e84,31314557.2851563,26386.4943296018
148,08,Castle Dale,1,CASTLE DALE,3/23/2022 12:00:00 AM,10660,3010,001,1,Castle Dale,1492,1530,CDL,1426380,794bf54c-f116-4bcd-ab6d-e41c6c0266f2,9759296.82421875,22193.2607579792
149,02,Honeyville,0,HONEYVILLE CITY,5/25/2012 12:00:00 AM,36290,3080,054,1, ,1606,1725,HON,1428800,ea018935-9964-4bf8-a4c5-cffe3c1894b6,54416686.5234375,44445.8554903043
150,11,Kanarraville,0,KANARRAVILLE,12/15/2010 12:00:00 AM,40030,3040,012,3, ,442,467,KNV,1429278,947e3cfe-f64e-4f3f-8d38-0a4b244f2ad8,1786502.1953125,6325.89913567822
151,06,North Salt Lake,0,CITY OF NORTH SALT LAKE,1/4/2023 12:00:00 AM,55210,3090,035,1, ,21907,22537,NSL,1443971,34130ae8-bc6e-416c-ba4b-596853a32c3e,39380300.0585938,40983.1902032227
152,20,Mayfield,0,MAYFIELD,4/5/2019 12:00:00 AM,48720,3080,021,3, ,556,583,MAY,1443237,e3c43999-82f1-4b4e-bdc8-c23739943154,3875916.82421875,14815.9747921935
153,20,Moroni,0,MORONI,2/2/2012 12:00:00 AM,52130,3090,023,1, ,1544,1617,MRI,1430498,b1724363-30d0-4d66-a6c4-0850004e1bfe,4639207.41796875,10455.5677336465
154,22,Henefer,0,HENEFER,10/14/2025 12:00:00 AM,34640,3030,017,2, ,838,837,HNF,1428658,6ddcda4c-606a-4a72-bacc-cee287fa1ee9,11466118.140625,33931.4392358512
155,14,Scipio,0,SCIPIO,,67880,3100,040,4,Scipio,353,366,SCI,1445376,3964df2e-66e0-44a8-9361-10af3713b2d3,4469919.69140625,12496.5333658821
156,01,Milford,0,MILFORD,4/14/2014 12:00:00 AM,50040,3020,008,2,Milford,1431,1454,MLF,1430317,796905ae-f3c1-49ae-92da-6e806cd4be95,8927543.63671875,18338.1337301293
157,06,Farmington,1,FARMINGTON,8/15/2022 12:00:00 AM,24740,3050,017,3,Farmington,24531,25660,FRM,1441004,2604fb6d-f678-4d80-ada8-659bdc5e4f28,45680199.5390625,41646.1995800114
158,28,Bicknell,0,BICKNELL,11/4/2010 12:00:00 AM,05490,3010,001,1, ,323,337,BIC,1438623,d14a1a5f-d3fc-47e2-a781-8544ad074e8e,2417894.66796875,8842.08852121288
159,17,Randolph,1,RANDOLPH,12/10/2025 12:00:00 AM,63020,3030,005,2,Randolph,467,491,RAN,1431567,48bbed0c-0d14-4eac-b41c-608e410381cd,6028944.11328125,17490.7966417008
160,06,Bountiful,0,BOUNTIFUL,,07690,3010,004,3,Bountiful,45762,44481,BTF,1439039,a985af9b-5a14-41fc-a7ff-f6151c36f911,59929887.1875,52005.696751919
161,07,Duchesne,1,DUCHESNE,4/26/2019 12:00:00 AM,20340,3020,008,2,Duchesne,1588,1623,DUC,1427601,ab11bbcd-6987-46fc-b4f3-5a46bdb97a11,12420749.5273438,29211.906697359
162,25,Bluffdale,0,BLUFFDALE (UTAH CO),12/15/2011 12:00:00 AM,06810,3020,019,4,,17014,19080,BDL,1425844,ea893c14-5ad5-4bbb-94d8-4012f992d13e,3033724.56185532,8752.87062295667
163,22,Oakley,0,OAKLEY,3/4/2026 12:00:00 AM,55650,3050,029,4, ,1588,1599,OKL,1444043,dd9e29ba-1dcb-4c0f-b950-61cf5b128558,32006217.7890625,34790.6828882496
164,26,Daniel,0,DANIEL ,9/15/2025 12:00:00 AM,34200,3015,005,2,,916,887,DAN,1455872,26a973eb-31d3-4bec-8a39-9f4ae96a0fc1,14809298.2070313,34953.0272580805
165,02,Willard,0,WILLARD CITY,5/28/2024 12:00:00 AM,84710,3160,120,1, ,1978,2224,WIL,1447372,def9379d-4d57-47f4-98ca-3c3a995d2b96,34474059.8320313,40925.1976943852
166,03,Trenton,0,TRENTON,5/8/2020 12:00:00 AM,77230,3180,081,4, ,512,521,TRN,1433666,c411dc7b-cfa4-432b-94e0-c4f0459b80c6,38786083.0195313,35353.9703819795
167,18,West Valley City,0,WEST VALLEY CITY,2/2/2012 12:00:00 AM,83470,3120,167,3,West Valley,140230,136650,WVC,1437843,470d5d70-40d5-443a-a533-0d9b07ab440a,161526538.320313,75182.4947053455
168,24,Vernal,1,VERNAL,12/12/2025 12:00:00 AM,80090,3030,024,4,Vernal,10079,10432,VER,1433885,9d18fd67-70a9-4c19-a6cd-32737ebe6a4c,21379693.3815918,50607.43837005
169,02,Corinne,0,CORINNE CITY,5/25/2012 12:00:00 AM,15830,3030,025,4, ,809,853,COR,1439951,708c26a4-feb0-46ea-b887-9b2205f3485d,17860940.1210938,26640.8515684559
170,27,La Verkin,0,LA VERKIN CITY,7/20/2005 12:00:00 AM,43440,3050,011,3, ,4354,4531,LAV,1429398,15015724-34ae-40c0-85bc-97bd4dc68202,55850443.40625,42817.9529967907
171,14,Oak City,0,OAK CITY,4/7/2026 12:00:00 AM,55430,3090,037,4, ,595,630,OKC,1444013,24199c69-5052-44bd-b22c-e7ebb22fe295,5078929.3598938,14322.6737129313
172,25,Santaquin,0,SANTAQUIN CITY (UTAH CO),5/18/2026 12:00:00 AM,67770,3170,097,3, ,13725,16898,SAQ,1445329,1d35de99-c601-4716-9988-95eacba92201,45858645.3353648,69647.7045171699
173,10,Moab,1,MOAB CITY,3/23/2026 12:00:00 AM,50700,3020,011,3,Moab,5366,5321,MOA,1430389,08424255-36ad-454e-b5cb-8966fde0f54d,20448941.639576,60220.2090001461
174,25,Eagle Mountain,0,EAGLE MOUNTAIN,6/23/2022 12:00:00 AM,20810,3047,030,2, ,43623,54149,EAG,1759211,60d8a3ec-c750-4476-8638-04543383e4f7,228031790.789063,104693.194772806
175,25,Fairfield,0,FAIRFIELD,,24410,3055,035,3, ,160,156,FFD,1427871,982b57b5-f2ce-4871-8d45-4e66c5ede64b,116292665.027344,55543.8839288775
176,03,River Heights,0,RIVER HEIGHTS,7/21/2017 12:00:00 AM,64120,3160,060,1, ,2144,2147,RVH,1444991,fc7ad315-f7fa-4ec5-aacc-b6bf54b57f04,3077781.60707474,15394.5622447772
177,02,Fielding,0,FIELDING,11/17/2017 12:00:00 AM,25290,3060,041,1, ,546,591,FIE,1441035,15f553a3-7f94-481a-912a-7df6905928ea,2598056.97265625,11837.1487621056
178,15,Morgan,1,MORGAN,12/16/2013 12:00:00 AM,51910,3010,007,3,Morgan,4071,4455,MRG,1430488,a0542208-df81-4df0-b0c4-e1043f14ba17,13889756.7421875,22702.5850245829
179,20,Spring City,0,SPRING CITY,4/18/2024 12:00:00 AM,71730,3110,031,4, ,949,,SPC,1445992,c1731812-8ce8-4d99-b09b-90293b4b3efd,6412196.98828125,12223.9778451601
180,21,Salina,0,SALINA,2/15/2023 12:00:00 AM,65880,3100,035,4,Salina,2441,2565,SLN,1445269,07ade4d3-0eba-41fd-a1df-aa8a75436e56,25203447.1328125,39791.3900433644
181,18,South Jordan,0,SOUTH JORDAN,5/19/2023 12:00:00 AM,70850,3090,138,3,South Jordan,77487,83513,SJC,1432728,981edf96-532e-4c62-b1eb-b22fd8bb5a52,116033501.549896,69303.494988056
182,28,Hanksville,0,HANKSVILLE TOWN,,33100,3015,005,2,Hanksville,158,171,HAN,1428508,d577aef7-c81f-43a3-be67-2485f490a757,7249783.95703125,14221.693557106
183,03,Hyrum,0,HYRUM,12/18/2020 12:00:00 AM,37500,3050,033,3, ,9362,10594,HYR,1441968,e2bceed7-73f3-47b1-ab22-20100d3cbfa3,28900838.5820313,52637.8283531306
184,14,Leamington,0,LEAMINGTON TOWN,,43880,3060,028,3, ,256,269,LEA,1429508,10334a6e-5cac-4ac7-84f7-f9670a34ea56,6827752.83203125,11052.48082442
185,25,Spanish Fork,0,SPANISH FORK,11/4/2025 12:00:00 AM,71290,3180,103,1,Spanish Fork,42602,44102,SFK,1445945,01dfdfe9-0a45-4825-9d3a-25cb33b60e13,82849900.3037109,91029.2671458078
186,03,Amalga,0,AMALGA,8/31/2012 12:00:00 AM,01090,3010,001,1, ,482,500,AMG,1437485,1035a5c8-2f7d-4a71-9bd6-08d24ca2fcbf,16579396.2539063,32788.5831210268
187,02,Snowville,0,SNOWVILLE TOWN,5/25/2012 12:00:00 AM,69970,3140,100,4,Snowville,163,161,SNO,1432604,0de8d7f9-385e-4d53-bfd5-5ee3496d0507,7190607.9921875,10959.8550294211
188,09,Tropic,0,TROPIC,12/15/2010 12:00:00 AM,77560,3080,015,4, ,486,505,TRO,1446722,234c9d8d-e0a5-4c81-919c-44fdcca92697,32791204.734375,30541.3385042566
189,09,Hatch,0,HATCH,12/28/2012 12:00:00 AM,33760,3050,006,2, ,132,142,HAT,1428572,e7622148-5013-4494-883b-3cf99002499e,7544729.30082607,14477.0273647137
190,18,Sandy,0,SANDY CITY,6/2/2026 12:00:00 AM,67440,3080,131,4,Sandy City,96904,93022,SAN,1455905,2a64f35e-853d-496f-a8e2-101a61323100,110327054.131804,155971.017721803
191,27,Hildale,0,HILDALE CITY,,35300,3020,035,2, ,1127,1184,HIL,1450387,a31080d6-a8f1-4530-a98c-cd67f434ceaa,36859181.328125,50663.8898268486
192,02,Garland,0,GARLAND,3/6/2026 12:00:00 AM,28150,3070,044,1, ,2589,2613,GAL,1428146,6159fb1d-8170-48af-9724-3126b63af3f3,8719128.234375,26356.6098532307
193,10,Castle Valley,0,CASTLE VALLEY,9/19/2007 12:00:00 AM,11000,3010,005,1, ,347,360,CSV,1450284,1c0fde9c-bb42-454e-a86d-f02bfb0a967f,37360377.4726563,31034.0267495202
194,29,Uintah,0,UINTAH,2/11/2021 12:00:00 AM,77890,3110,043,3, ,1454,1422,UIN,1446835,85d7c0c7-33c3-4949-91b4-763a8b551e22,5738380.48393726,18597.9701035744
195,29,Marriott-Slaterville,0,MARRIOTT-SLATERVILLE CITY,9/14/2023 12:00:00 AM,48300,3035,022,4, ,2135,2206,MSL,1851823,054818bd-45f0-4627-98fb-8b9740893d4e,34812061.966507,36462.9692514514
196,26,Charleston,0,CHARLESTON,7/21/2025 12:00:00 AM,12420,3010,003,4, ,436,421,CHA,1426539,8f83069c-fa9b-4900-8d7c-27955485bae1,15037905.7409859,23267.2138364046
197,28,Lyman,0,LYMAN,,46410,3030,008,3, ,196,220,LYM,1430020,546fbb0b-850f-413a-8788-4c7d6b3075b6,7634116.296875,13378.6482104372
198,18,West Jordan,0,WEST JORDAN CITY,3/22/2022 12:00:00 AM,82950,3110,155,2, ,116961,116664,WJC,1434086,62ce1a8d-e575-4cd6-a899-61e66543ab33,147750691.135025,69278.249695587
199,25,Highland,0,HIGHLAND,7/10/2023 12:00:00 AM,35190,3080,099,2, ,19348,19902,HGH,1448472,c2976336-82ce-4df8-a78e-a6498403befe,38894315.5388396,53363.990823242
200,08,Orangeville,0,ORANGEVILLE,3/26/2012 12:00:00 AM,56860,3080,016,4, ,1224,1258,ORA,1431021,c74c1193-290d-403a-9061-5fd722cf7e5e,6141808.515625,18712.6188530369
201,26,Heber City,1,HEBER CITY,4/20/2026 12:00:00 AM,34200,3020,008,3,Heber,,17865,HEB,1455878,027ff467-0c27-42b9-b5aa-14575c6ef478,112446701.572265,95105.8542137711
202,18,Alta,0,ALTA,,00650,3010,003,3, ,228,227,ALA,1437483,e53141d9-2f42-4ba4-ac10-bdc2e0e7f64e,20350476.8515625,23115.2523858815
203,21,Glenwood,0,GLENWOOD,8/31/2010 12:00:00 AM,29580,3040,018,2, ,474,491,GLW,1441332,d806899f-54fe-4ffa-a6d8-86e88da8cc14,2218148.41796875,6144.29553690352
204,04,Helper,0,HELPER CITY,2/2/2023 12:00:00 AM,34530,3020,016,2,Helper,2112,2131,HEL,1428654,1c9d31ed-bbfb-444e-b3c7-e6d48676cbf7,7925086.97462034,19810.5691004341
205,14,Holden,0,HOLDEN,,35960,3040,024,3, ,438,458,HDN,1428763,05e4055b-1840-4adc-8b94-a6d835bad3f4,2595094.93359375,8905.30249037075
206,13,Kanab,1,KANAB CITY,2/16/2023 12:00:00 AM,39920,3040,004,4,Kanab,4683,5131,KNB,1429276,b5cf50c9-22db-4fcd-88a3-a049ae6819a9,63367452.25,43974.9795025066
207,12,Mona,0,MONA,5/24/2024 12:00:00 AM,51140,3030,024,3, ,1750,1906,MNA,1443548,bfd323b3-443d-48ca-8e2c-a2a70b87e4f5,12177197.3734856,18427.773399564
208,25,Cedar Hills,0,CEDAR HILLS,10/6/2022 12:00:00 AM,11440,3040,123,3, ,10019,9956,CHL,1455858,737d4074-e594-48f7-9ad3-df4daf8004ab,12268860.6914063,28507.4224407721
209,06,Woods Cross,0,WOODS CROSS CITY,5/29/2015 12:00:00 AM,85370,3150,057,4, ,11410,11487,WCR,1447521,f8134baa-6eec-437c-a226-3b2abb587339,17402206.2773438,25597.6272526711
210,20,Ephraim,0,EPHRAIM,2/1/2026 12:00:00 AM,23530,3020,008,2,Ephraim,5611,5937,EPH,1440944,738d01ab-b835-4646-82e2-bb4fd08e6e74,22322745.484375,35287.1074976667
211,19,Monticello,1,MONTICELLO,6/6/2020 12:00:00 AM,51580,3020,009,3,Monticello,1824,1752,MTC,1443568,3b94a865-933c-4f25-b889-72db2f2f4f7f,13946669.171875,26656.5889567529
212,25,Goshen,0,GOSHEN,2/24/2009 12:00:00 AM,30130,3070,043,1, ,978,959,GOS,1428272,4028733e-0c48-415e-91be-0813fd8515f4,3622529.83203125,9937.3039630066
213,25,Pleasant Grove,0,PLEASANT GROVE,11/2/2023 12:00:00 AM,60930,3140,088,4, ,37726,37630,PGR,1444479,0f8684b7-c3b7-411d-ba00-d89ce6090f59,40976170.078125,43582.849091875
214,11,Parowan,1,PAROWAN,10/15/2025 12:00:00 AM,58510,3060,019,2,Parowan,2996,3171,PWN,1444224,18e3947d-903a-4b5a-8873-584e0948178a,31050164.860755,61034.1515805931
215,04,East Carbon,0,EAST CARBON CITY,12/18/2013 12:00:00 AM,20890,3010,,1,East Carbon City,1556,1567,ECC,2410386,e991a69c-c124-43a4-b4fd-8aedf4a13ba5,49160683.3359375,57584.2515952574
216,21,Annabella,0,ANNABELLA TOWN,8/31/2010 12:00:00 AM,01750,3010,001,1, ,836,872,ANN,1438228,b1c1be27-92a4-40e7-98c0-2d187b03cf3d,2773608.9296875,10650.5791648009
217,06,Layton,0,LAYTON,2/4/2026 12:00:00 AM,43660,3080,030,1,Layton,81773,82601,LAY,1442459,b5a0efdb-020b-486e-bb19-64abe1a38f28,103831672.301145,87512.8294482312
218,04,Price,1,PRICE,3/8/2012 12:00:00 AM,62030,3030,035,4,Price,8216,8262,PRI,1431465,fae0c297-6b4a-46c8-b31f-66ac9300ac50,21984077.4335938,28787.3683279132
219,18,Salt Lake City,1,SALT LAKE CITY,7/3/2025 12:00:00 AM,67000,3070,122,4,Salt Lake City,199723,204657,SLC,1454997,6897ecd5-406a-4267-83e4-06ff8afbd81d,509449229.925507,162019.443320005
220,13,Glendale,0,GLENDALE,,29360,3030,002,3, ,312,310,GLD,1428204,d044ba8d-e17f-4efd-89e9-8dd808543615,28723944.3125,43520.450889435
221,27,Virgin,0,VIRGIN TOWN,1/11/2019 12:00:00 AM,80530,3120,026,1, ,670,697,VIR,1433898,65e10705-f199-48ea-9c5c-bd83e66e8bfb,48278220.875,37204.5195386723
222,29,Roy,0,ROY CITY,11/9/2018 12:00:00 AM,65110,3090,037,4, ,39306,38785,ROY,1432035,7464620f-e728-422e-ab49-0d620e5f0602,37346094.8632813,33427.613143253
223,20,Manti,1,MANTI,6/2/2022 12:00:00 AM,47730,3070,020,3,Manti,3429,3588,MTI,1443136,718e92f5-69d0-41e1-8893-5581303d6d63,13978904.4754376,25900.1864370441
224,26,Independence,0,INDEPENDENCE,11/12/2010 12:00:00 AM,37690,3027,009,1,,121,118,IND,2547779,0879d75e-ae5b-4905-a992-40ee6409db7d,136618049.824219,86160.4137322133
225,27,Apple Valley,0,APPLE VALLEY,1/17/2008 12:00:00 AM,01905,3005,002,3, ,855,900,APP,2061574,5279dc6e-ef42-41da-bb8c-f87b4dcf9bb7,161907332,88233.7924851149
226,02,Mantua,0,MANTUA TOWN,5/25/2012 12:00:00 AM,47840,3100,069,1, ,1090,1256,MAU,1443141,96f3553d-90c2-495b-9a07-a7d6c343cab4,26178713.7226563,28299.0776608128
227,11,Enoch,0,ENOCH,1/12/2026 12:00:00 AM,23200,3030,005,4, ,7374,8231,ENO,1437554,8aa14b80-fdb0-47af-b984-07c64116b5fb,32797437.3753624,55313.063706851
228,25,Payson,0,PAYSON,2/1/2024 12:00:00 AM,58730,3130,085,1,Payson,21101,22516,PAY,1444252,cd622f74-8e50-4c68-925f-30244bb2637f,57972036.9475822,75746.9052939092
229,17,Laketown,0,LAKETOWN,9/7/2010 12:00:00 AM,42560,3020,002,3,Laketown,299,314,LAK,1429446,508803b5-2087-4f7c-a9ed-e185f76a35c8,11783075.2773438,20011.3868093389
230,04,Scofield,0,SCOFIELD,,67990,3040,040,4, ,26,26,SCO,1445380,dee50dbb-0d25-4670-bdb5-d25d0501f363,4061268.6328125,13562.548773928
231,20,Fountain Green,0,FOUNTAIN GREEN,2/2/2012 12:00:00 AM,26720,3050,011,2, ,1197,1260,FOU,1441187,c0570aea-fecd-4850-8fd5-dc76892270a3,5458773.25390625,9410.77958589853
232,21,Sigurd,0,SIGURD TOWN,5/2/2024 12:00:00 AM,68650,3110,038,3, ,405,422,SIG,1445583,18b521ab-2041-4317-8adf-0bb4dc7a28b1,4776817.89925671,27173.9603186768
233,16,Kingston,0,KINGSTON,9/27/2010 12:00:00 AM,41350,3030,006,3, ,135,137,KNG,1442334,89be214c-931d-434d-add1-012d10bacf2b,22525697.7148438,25726.974427518
234,09,Antimony,0,ANTIMONY,12/15/2010 12:00:00 AM,01860,3010,001,4, ,118,124,ANT,1438250,5b03500a-a205-4afe-a38d-a6c025106c76,41292182.3515625,35266.559869898
235,27,New Harmony,0,NEW HARMONY,10/6/2022 12:00:00 AM,54440,3070,015,4, ,236,245,NWH,1443808,d0540b2f-e4ef-4275-a0c3-c11aa083f473,2614325.4140625,10677.2104164614
236,23,Tooele,1,TOOELE,4/14/2020 12:00:00 AM,76680,3050,048,1,Tooele City,35742,38588,TOO,1433590,625e5241-3ee6-4a40-b447-5b7a181b843e,108586587.919175,74854.0854594056
237,01,Beaver,1,BEAVER,5/16/2022 12:00:00 AM,04060,3010,002,1,Beaver,3592,3708,BVR,1438510,0f4ff44f-a266-4992-a230-04072a3285eb,28199509.388588,45655.1563830863
238,26,Midway,0,MIDWAY,11/21/2022 12:00:00 AM,49820,3030,011,2, ,6003,6217,MWY,1430310,919e60aa-539f-429c-abe1-28acdc5586ff,27775849.5150681,48578.9567184818
239,09,Escalante,0,ESCALANTE,1/14/2016 12:00:00 AM,23750,3040,005,2,Escalante,786,821,ESC,1440956,285e6cd8-85ef-422d-9a61-627809b606d2,13687035.4626329,27231.6015946964
240,16,Marysvale,0,MARYSVALE,9/27/2010 12:00:00 AM,48610,3040,007,4, ,356,416,MSV,1443220,cacc7305-f60a-4274-a178-494e388457e4,76021070.7695313,41409.9934302067
241,29,Pleasant View,0,PLEASANT VIEW,9/27/2010 12:00:00 AM,61150,3070,031,1, ,11083,11258,PVW,1444486,f6acef9a-3785-4cba-805d-2c848c852efa,32224395.7070313,33894.7647207768
242,25,Woodland Hills,0,WOODLAND HILLS,11/4/2000 12:00:00 AM,85050,3200,125,3, ,1521,1553,WDL,1455585,05da1e2a-7736-4129-a211-cc77f16e1c7a,11355343.0254078,17915.5786693273
243,25,Draper,0,DRAPER CITY (UTAH CO),7/18/2011 12:00:00 AM,20120,3045,029,1,Draper City,51017,50731,DRA,1427473,b36da132-e120-46e7-aa26-0f5acaac0464,28742562.3085938,36539.9814039222
244,29,Riverdale,0,RIVERDALE,6/17/2022 12:00:00 AM,64010,3080,036,3, ,9343,9285,RVD,1444992,be3ba0e5-cad4-4b6c-8cb3-702c5ed9298b,21083990.578125,26774.2933107455
245,03,Lewiston,0,LEWISTON,3/28/2024 12:00:00 AM,44760,3060,036,3, ,1939,1960,LEW,1442573,e4ccf998-f23a-4dfe-b3a1-6428cd7a332c,121961131.845078,70799.0417429236
246,03,Nibley,0,NIBLEY,11/17/2025 12:00:00 AM,54660,3110,098,1, ,7328,7926,NIB,1443818,a72a6737-8a82-4911-b6fc-a20f9cd30f34,21288012.0410142,39967.1527470333
247,26,Wallsburg,0,WALLSBURG,5/17/2019 12:00:00 AM,80970,3040,014,1, ,290,297,WBG,1446968,ebbcb25c-60d7-4e7f-a410-e1e2f2226e7b,2818567.359375,9495.96464097051
248,26,Interlaken,0,INTERLAKEN TOWN,5/28/2015 12:00:00 AM,37924,3027,,4,Interlaken,179,166,INT,2783908,bd1b7cf1-99d7-46ec-b69e-69f72f1972d4,1010430.31503296,6085.25320052435
249,21,Elsinore,0,ELSINORE,5/17/2021 12:00:00 AM,22650,3030,014,1, ,802,865,ELS,1440921,03924f2c-d0a6-4558-9592-26273b9e1c73,11293024.7036705,18149.9804915346
250,21,Richfield,1,RICHFIELD CITY,2/23/2026 12:00:00 AM,63570,3090,034,4,Richfield,8201,8220,RIC,1444889,853bb3fc-714d-4aa5-968a-f58b9e2945fc,26478383.6771164,62168.3174600155
251,26,Hideout,0,HIDEOUT (WASATCH),11/4/2020 12:00:00 AM,35120,3024,020,3,,922,1315,HDT,2519168,01cd1179-8c6f-444f-9447-5e489218c628,21146979.6408386,37515.5163635104
252,23,Erda,0,ERDA,6/28/2022 12:00:00 AM,23640,,,3,City of Erda,,,ERD,,b96e9c62-2d80-4160-aa09-0c5c885e52e1,182716217.697243,103267.765044062
253,23,Lake Point,0,LAKE POINT,12/21/2022 12:00:00 AM,,,,4,Lake Point,,,,,6d55d3ef-f476-4cf1-a504-de8c15b8f7a1,20665274.9827576,33677.5619195945
254,18,Magna City,0,MAGNA CITY,8/9/2024 12:00:00 AM,47290,3903,,2,,,,,,d0b74441-195d-4c53-884d-0da43491761c,169202071.569962,95438.7730887595
255,18,Emigration Canyon,0,EMIGRATION CANYON,7/16/2024 12:00:00 AM,22875,3901,,2,Emigration Canyon,1466,1484,,,d17cd329-ec2b-4e6b-8302-7079f9bcd14a,82398919.9179688,43970.7040667015
256,18,Kearns,0,KEARNS,8/27/2024 12:00:00 AM,40470,3902,,1,Kearns,36723,37249,KMT,,8107a49f-92be-45da-82fa-2f5a354ba43f,20857128.890625,23112.1958786051
257,18,Copperton,0,COPPERTON,8/20/2024 12:00:00 AM,15720,3900,,4,Copperton,829,840,CMT,,f026bf35-5908-4ad0-951c-25f8e72daac9,1407033.2578125,8080.14176439563
258,18,White City,0,WHITE CITY,8/26/2024 12:00:00 AM,84050,3904,,3,White City,5522,5598,WMT,,ce373bcd-ca5b-46f6-b86a-7cbbc3c5d283,3930916.25390625,18516.503459416
259,03,Logan,1,LOGAN CITY,2/16/2023 12:00:00 AM,45860,3070,038,4,Logan,,,LOG,1442849,dbf981e4-10b8-44a1-a8b5-34800ecfdab2,87233484.5976563,105278.056984667
260,29,Ogden Valley City,0,OGDEN VALLEY,1/12/2026 12:00:00 AM,56320,,,2,,,,,,eb403501-cff7-4faf-938a-eb357099143b,290417643.351563,182220.698596716
261,25,Spring Lake,,SPRING LAKE,1/16/2026 12:00:00 AM,72175,,,2,,,,,,f6563037-abcb-481d-8958-ec685811204b,8305619.89453125,33463.9385266729
